,V1,V2,V3,V4,V5,V6,V7,V8,V9
1,99999,99999,99999,99999,99999,99999,99999,99999,99999
2,0.5,0.25,1,10,1,96,0.001,99999,99999
3,2,0.1,20,0,1.8,2.2,99999,99999,99999
4,1.2,0.2,6,0,0.8,1.6,99999,99999,99999
5,0.4,0.4,0.4,0.55,1.1,0.56,99999,99999,99999
6,0.16,0.16,0.19,99999,99999,99999,99999,99999,99999
7,0.6,0.36,1,12,2,95,0.001,99999,99999
8,1,0.2,5,0,0.6,1.4,99999,99999,99999
9,0.5,0.1,5,0,0.3,0.7,99999,99999,99999
10,0.25,0.05,5,0,0.15,0.35,99999,99999,99999
11,0.3,0.3,0.3,0.3,0.6,0.25,99999,99999,99999
12,0.2,0.2,0.2,0.2,0.18,0.21,99999,99999,99999
13,0.09,0.09,0.1,99999,99999,99999,99999,99999,99999
14,0.04,0.04,0.05,99999,99999,99999,99999,99999,99999
15,0.5,0.1,5,0,0.3,0.7,0.6,99999,99999
16,0.3,0.04,0.22,0.38,99999,99999,99999,99999,99999
17,0.22,0.03,0.16,0.29,99999,99999,99999,99999,99999
